first, last
Jorge,Frank
Hunter,Moreno
Esther,Guzman
Dennis,Stephens
Nettie,Franklin
Stanley,Gibson
Eugenia,Greer
Jeffery,Delgado
Clara,Cross
Bernice,Vega
Kevin,Diaz
Henrietta,Rivera
Matilda,Ellis
Isaac,Willis
Eric,Cain
Hettie,Baldwin
Tommy,Wheeler
Theresa,Casey
Bess,Griffin
Virgie,Sherman
Richard,Garrett
Andrew,Clark
Edna,Ramos
Gregory,Henderson
Isabel,Russell
Gregory,Arnold
Leah,Green
Landon,Washington
Ada,Guzman
Steve,Brooks
Harriett,Parker
Mildred,Wallace
Nell,Townsend
Gussie,Nash
Dennis,Pratt
Zachary,Bishop
Mary,Baldwin
Micheal,Baker
Abbie,Willis
Sylvia,Jennings
Seth,Meyer
Jeff,Lamb
Lillian,Sparks
Ian,Sanchez
Timothy,Barton
Carl,Sharp
Elmer,Palmer
Olivia,Francis
Jerome,Nash
Alan,Diaz
Lois,Clayton
Frances,Perez
Warren,Cunningham
Flora,Higgins
Brent,Atkins
Olivia,Thompson
Leo,Hines
Josie,Hunt
Jerry,Hunt
Lucy,Collins
Jeremiah,Rogers
Minnie,Henderson
Jeremy,Fox
Anthony,Bowman
Dennis,Norris
Marvin,Hanson
Lucy,Adams
Gilbert,Carpenter
Owen,Patton
Bradley,Byrd
Hunter,Boone
Adele,Hill
Willie,Roy
Ian,Bridges
Theresa,Sparks
Rodney,Carr
Logan,Howard
Juan,Murphy
Mathilda,Rowe
Lola,Matthews
Gussie,Gross
Steven,Brown
Eva,Schmidt
Marion,Malone
Rodney,Brady
Helen,Dixon
Rosalie,Boyd
Francis,Ortiz
Evelyn,Holland
Marcus,Singleton
Virginia,Wood
Georgia,Watkins
Katie,Matthews
Callie,Hernandez
Chase,Bryant
Brett,Miller
Adelaide,Phelps
Leo,Walters
Samuel,Schmidt
Elizabeth,Gordon
